AAAA,0.157164869029
AAAB,0.171032357473
AAAC,0.0739599383667
AAAD,0.0107858243451
AAAE,0.00770416024653
AAAF,0.00154083204931
AAAG,0.00924499229584
AAAH,0.00924499229584
AAAI,0.00770416024653
AAAJ,0.00308166409861
AABA,0.00308166409861
AABB,0.00308166409861
AABC,0.00308166409861
AABD,0.00154083204931
AABE,0.00154083204931
AABF,0.00154083204931
AABG,0.00770416024653
AABH,0.00462249614792
AABI,0.00154083204931
AABJ,0.00770416024653
AACA,0.00462249614792
AACB,0.00616332819723
AACC,0.00154083204931
AACD,0.00308166409861
AACE,0.00154083204931
AACF,0.00462249614792
AACG,0.0138674884438
AACH,0.0138674884438
AACI,0.00308166409861
AACJ,0.00924499229584
AADA,0.0138674884438
AADB,0.00770416024653
AADC,0.00924499229584
AADD,0.00770416024653
AADE,0.00308166409861
AADF,0.00154083204931
AADG,0.00154083204931
AADH,0.00924499229584
AADI,0.00462249614792
AADJ,0.00616332819723
AAEA,0.00308166409861
AAEB,0.00308166409861
AAEC,0.00308166409861
AAED,0.00308166409861
AAEE,0.00308166409861
AAEF,0.00462249614792
AAEG,0.00616332819723
AAEH,0.0107858243451
AAEI,0.00924499229584
AAEJ,0.00462249614792
AAFA,0.00308166409861
AAFB,0.00154083204931
AAFC,0.00154083204931
AAFD,0.00308166409861
AAFE,0.00154083204931
AAFF,0.00154083204931
AAFG,0.00154083204931
AAFH,0.00770416024653
AAFI,0.00462249614792
AAFJ,0.00462249614792
AAGA,0.00154083204931
AAGB,0.00308166409861
AAGC,0.00154083204931
AAGD,0.00154083204931
AAGE,0.00154083204931
AAGF,0.0154083204931
AAGG,0.00308166409861
AAGH,0.00154083204931
AAGI,0.00616332819723
AAGJ,0.00462249614792
AAHA,0.00154083204931
AAHB,0.00154083204931
AAHC,0.00154083204931
AAHD,0.00462249614792
AAHE,0.00154083204931
AAHF,0.00154083204931
AAHG,0.00154083204931
AAHH,0.00154083204931
AAHI,0.00154083204931
AAHJ,0.00154083204931
AAIA,0.00154083204931
AAIB,0.00154083204931
AAIC,0.00154083204931
AAID,0.00308166409861
AAIE,0.00308166409861
AAIF,0.00308166409861
AAIG,0.00154083204931
AAIH,0.00154083204931
AAII,0.00616332819723
AAIJ,0.00308166409861
AAJA,0.00308166409861
AAJB,0.00154083204931
AAJC,0.00308166409861
AAJD,0.00154083204931
AAJE,0.00154083204931
AAJF,0.00154083204931
AAJG,0.00154083204931
AAJH,0.00154083204931
AAJI,0.00154083204931
AAJJ,0.00154083204931
ABAA,0.00154083204931
ABAB,0.00308166409861
ABAC,0.00154083204931
ABAD,0.00154083204931
ABAE,0.00154083204931
ABAF,0.00308166409861
ABAG,0.00154083204931
ABAH,0.00154083204931
ABAI,0.00154083204931
ABAJ,0.00154083204931
ABBA,0.00154083204931
ABBB,0.00154083204931
ABBC,0.00462249614792
ABBD,0.00308166409861
ABBE,0.00154083204931
ABBF,0.00308166409861
ABBG,0.00154083204931
ABBH,0.00154083204931
ABBI,0.00154083204931
ABBJ,0.00154083204931
ABCA,0.00154083204931
ABCB,0.00308166409861
ABCC,0.00154083204931
ABCD,0.00154083204931
ABCE,0.00154083204931
ABCF,0.00154083204931
ABCG,0.00616332819723
ABCH,0.00616332819723
ABCI,0.00154083204931
ABCJ,0.00154083204931
ABDA,0.00154083204931
ABDB,0.00308166409861
ABDC,0.00308166409861
ABDD,0.00154083204931
ABDE,0.00154083204931
ABDF,0.00308166409861
ABDG,0.00154083204931
ABDH,0.00154083204931
ABDI,0.00154083204931
ABDJ,0.00308166409861
ABEA,0.00154083204931
ABEB,0.00154083204931
ABEC,0.00154083204931
ABED,0.00154083204931
ABEE,0.00308166409861
ABEF,0.00308166409861
ABEG,0.00462249614792
ABEH,0.00154083204931
ABEI,0.00308166409861
ABEJ,0.00462249614792
ABFA,0.00154083204931
ABFB,0.00154083204931
ABFC,0.0416024653313
ABFD,0.0416024653313
ABFE,0.00154083204931
ABFF,0.0
ABFG,0.0
ABFH,0.0
ABFI,0.0
ABFJ,0.0
ABGA,0.0
ABGB,0.0
ABGC,0.0
ABGD,0.0
ABGE,0.0
ABGF,0.0
ABGG,0.0
ABGH,0.0
ABGI,0.0
ABGJ,0.0
ABHA,0.0
ABHB,0.0
ABHC,0.0
ABHD,0.0
ABHE,0.0
ABHF,0.0
ABHG,0.0
ABHH,0.0
ABHI,0.0
ABHJ,0.0
ABIA,0.0
ABIB,0.0
ABIC,0.0
ABID,0.0
ABIE,0.0
ABIF,0.0
ABIG,0.0
ABIH,0.0
ABII,0.0
ABIJ,0.0
ABJA,0.0
ABJB,0.0
ABJC,0.0
ABJD,0.0
ABJE,0.0
ABJF,0.0
ABJG,0.0
ABJH,0.0
ABJI,0.0
ABJJ,0.0
ACAA,0.0
ACAB,0.0
ACAC,0.0
ACAD,0.0
ACAE,0.0
ACAF,0.0
ACAG,0.0
ACAH,0.0
ACAI,0.0
ACAJ,0.0
ACBA,0.0
ACBB,0.0
ACBC,0.0
ACBD,0.0
ACBE,0.0
ACBF,0.0
ACBG,0.0
ACBH,0.0
ACBI,0.0
ACBJ,0.0
ACCA,0.0
ACCB,0.0
ACCC,0.0
ACCD,0.0
ACCE,0.0
ACCF,0.0
ACCG,0.0
ACCH,0.0
ACCI,0.0
ACCJ,0.0
ACDA,0.0
ACDB,0.0
ACDC,0.0
ACDD,0.0
ACDE,0.0
ACDF,0.0
ACDG,0.0
ACDH,0.0
ACDI,0.0
ACDJ,0.0
ACEA,0.0
ACEB,0.0
ACEC,0.0
ACED,0.0
ACEE,0.0
ACEF,0.0
ACEG,0.0
ACEH,0.0
ACEI,0.0
ACEJ,0.0
ACFA,0.0
ACFB,0.0
ACFC,0.0
ACFD,0.0
ACFE,0.0
ACFF,0.0
ACFG,0.0
ACFH,0.0
ACFI,0.0
ACFJ,0.0
ACGA,0.0
ACGB,0.0
ACGC,0.0
ACGD,0.0
ACGE,0.0
ACGF,0.0
ACGG,0.0
ACGH,0.0
ACGI,0.0
ACGJ,0.0
ACHA,0.0
ACHB,0.0
ACHC,0.0
ACHD,0.0
ACHE,0.0
ACHF,0.0
ACHG,0.0
ACHH,0.0
ACHI,0.0
ACHJ,0.0
ACIA,0.0
ACIB,0.0
ACIC,0.0
ACID,0.0
ACIE,0.0
ACIF,0.0
ACIG,0.0
ACIH,0.0
ACII,0.0
ACIJ,0.0
ACJA,0.0
ACJB,0.0
ACJC,0.0
ACJD,0.0
ACJE,0.0
ACJF,0.0
ACJG,0.0
ACJH,0.0
ACJI,0.0
ACJJ,0.0
ADAA,0.0
ADAB,0.0
ADAC,0.0
ADAD,0.0
ADAE,0.0
ADAF,0.0
ADAG,0.0
ADAH,0.0
ADAI,0.0
ADAJ,0.0
ADBA,0.0
ADBB,0.0
ADBC,0.0
ADBD,0.0
ADBE,0.0
ADBF,0.0
ADBG,0.0
ADBH,0.0
ADBI,0.0
ADBJ,0.0
ADCA,0.0
ADCB,0.0
ADCC,0.0
ADCD,0.0
ADCE,0.0
ADCF,0.0
ADCG,0.0
ADCH,0.0
ADCI,0.0
ADCJ,0.0
ADDA,0.0
ADDB,0.0
ADDC,0.0
ADDD,0.0
ADDE,0.0
ADDF,0.0
ADDG,0.0
ADDH,0.0
ADDI,0.0
ADDJ,0.0
ADEA,0.0
ADEB,0.0
ADEC,0.0
ADED,0.0
ADEE,0.0
ADEF,0.0
ADEG,0.0
ADEH,0.0
ADEI,0.0
ADEJ,0.0
ADFA,0.0
ADFB,0.0
ADFC,0.0
ADFD,0.0
ADFE,0.0
ADFF,0.0
ADFG,0.0
ADFH,0.0
ADFI,0.0
ADFJ,0.0
ADGA,0.0
ADGB,0.0
ADGC,0.0
ADGD,0.0
ADGE,0.0
ADGF,0.0
ADGG,0.0
ADGH,0.0
ADGI,0.0
ADGJ,0.0
ADHA,0.0
ADHB,0.0
ADHC,0.0
ADHD,0.0
ADHE,0.0
ADHF,0.0
ADHG,0.0
ADHH,0.0
ADHI,0.0
ADHJ,0.0
ADIA,0.0
ADIB,0.0
ADIC,0.0
ADID,0.0
ADIE,0.0
ADIF,0.0
ADIG,0.0
ADIH,0.0
ADII,0.0
ADIJ,0.0
ADJA,0.0
ADJB,0.0
ADJC,0.0
ADJD,0.0
ADJE,0.0
ADJF,0.0
ADJG,0.0
ADJH,0.0
ADJI,0.0
ADJJ,0.0
AEAA,0.0
AEAB,0.0
AEAC,0.0
AEAD,0.0
AEAE,0.0
AEAF,0.0
AEAG,0.0
AEAH,0.0
AEAI,0.0
AEAJ,0.0
AEBA,0.0
AEBB,0.0
AEBC,0.0
AEBD,0.0
AEBE,0.0
AEBF,0.0
AEBG,0.0
AEBH,0.0
AEBI,0.0
AEBJ,0.0
AECA,0.0
AECB,0.0
AECC,0.0
AECD,0.0
AECE,0.0
AECF,0.0
AECG,0.0
AECH,0.0
AECI,0.0
AECJ,0.0
AEDA,0.0
AEDB,0.0
AEDC,0.0
AEDD,0.0
AEDE,0.0
AEDF,0.0
AEDG,0.0
AEDH,0.0
AEDI,0.0
AEDJ,0.0
AEEA,0.0
AEEB,0.0
AEEC,0.0
AEED,0.0
AEEE,0.0
AEEF,0.0
AEEG,0.0
AEEH,0.0
AEEI,0.0
AEEJ,0.0
AEFA,0.0
AEFB,0.0
AEFC,0.0
AEFD,0.0
AEFE,0.0
AEFF,0.0
AEFG,0.0
AEFH,0.0
AEFI,0.0
AEFJ,0.0
AEGA,0.0
AEGB,0.0
AEGC,0.0
AEGD,0.0
AEGE,0.0
AEGF,0.0
AEGG,0.0
AEGH,0.0
AEGI,0.0
AEGJ,0.0
AEHA,0.0
AEHB,0.0
AEHC,0.0
AEHD,0.0
AEHE,0.0
AEHF,0.0
AEHG,0.0
AEHH,0.0
AEHI,0.0
AEHJ,0.0
AEIA,0.0
AEIB,0.0
AEIC,0.0
AEID,0.0
AEIE,0.0
AEIF,0.0
AEIG,0.0
AEIH,0.0
AEII,0.0
AEIJ,0.0
AEJA,0.0
AEJB,0.0
AEJC,0.0
AEJD,0.0
AEJE,0.0
AEJF,0.0
AEJG,0.0
AEJH,0.0
AEJI,0.0
AEJJ,0.0
AFAA,0.0
AFAB,0.0
AFAC,0.0
AFAD,0.0
AFAE,0.0
AFAF,0.0
AFAG,0.0
AFAH,0.0
AFAI,0.0
AFAJ,0.0
AFBA,0.0
AFBB,0.0
AFBC,0.0
AFBD,0.0
AFBE,0.0
AFBF,0.0
AFBG,0.0
AFBH,0.0
AFBI,0.0
AFBJ,0.0
AFCA,0.0
AFCB,0.0
AFCC,0.0
AFCD,0.0
AFCE,0.0
AFCF,0.0
AFCG,0.0
AFCH,0.0
AFCI,0.0
AFCJ,0.0
AFDA,0.0
AFDB,0.0
AFDC,0.0
AFDD,0.0
AFDE,0.0
AFDF,0.0
AFDG,0.0
AFDH,0.0
AFDI,0.0
AFDJ,0.0
AFEA,0.0
AFEB,0.0
AFEC,0.0
AFED,0.0
AFEE,0.0
AFEF,0.0
AFEG,0.0
AFEH,0.0
AFEI,0.0
AFEJ,0.0
AFFA,0.0
AFFB,0.0
AFFC,0.0
AFFD,0.0
AFFE,0.0
AFFF,0.0
AFFG,0.0
AFFH,0.0
AFFI,0.0
AFFJ,0.0
AFGA,0.0
AFGB,0.0
AFGC,0.0
AFGD,0.0
AFGE,0.0
AFGF,0.0
AFGG,0.0
AFGH,0.0
AFGI,0.0
AFGJ,0.0
AFHA,0.0
AFHB,0.0
AFHC,0.0
AFHD,0.0
AFHE,0.0
AFHF,0.0
AFHG,0.0
AFHH,0.0
AFHI,0.0
AFHJ,0.0
AFIA,0.0
AFIB,0.0
AFIC,0.0
AFID,0.0
AFIE,0.0
AFIF,0.0
AFIG,0.0
AFIH,0.0
AFII,0.0
AFIJ,0.0
AFJA,0.0
AFJB,0.0
AFJC,0.0
AFJD,0.0
AFJE,0.0
AFJF,0.0
AFJG,0.0
AFJH,0.0
AFJI,0.0
AFJJ,0.0
AGAA,0.0
AGAB,0.0
AGAC,0.0
AGAD,0.0
AGAE,0.0
AGAF,0.0
AGAG,0.0
AGAH,0.0
AGAI,0.0
AGAJ,0.0
AGBA,0.0
AGBB,0.0
AGBC,0.0
AGBD,0.0
AGBE,0.0
AGBF,0.0
AGBG,0.0
AGBH,0.0
AGBI,0.0
AGBJ,0.0
AGCA,0.0
AGCB,0.0
AGCC,0.0
AGCD,0.0
AGCE,0.0
AGCF,0.0
AGCG,0.0
AGCH,0.0
AGCI,0.0
AGCJ,0.0
AGDA,0.0
AGDB,0.0
AGDC,0.0
AGDD,0.0
AGDE,0.0
AGDF,0.0
AGDG,0.0
AGDH,0.0
AGDI,0.0
AGDJ,0.0
AGEA,0.0
AGEB,0.0
AGEC,0.0
AGED,0.0
AGEE,0.0
AGEF,0.0
AGEG,0.0
AGEH,0.0
AGEI,0.0
AGEJ,0.0
AGFA,0.0
AGFB,0.0
AGFC,0.0
AGFD,0.0
AGFE,0.0
AGFF,0.0
AGFG,0.0
AGFH,0.0
AGFI,0.0
AGFJ,0.0
AGGA,0.0
AGGB,0.0
AGGC,0.0
AGGD,0.0
AGGE,0.0
AGGF,0.0
AGGG,0.0
AGGH,0.0
AGGI,0.0
AGGJ,0.0
AGHA,0.0
AGHB,0.0
AGHC,0.0
AGHD,0.0
AGHE,0.0
AGHF,0.0
AGHG,0.0
AGHH,0.0
AGHI,0.0
AGHJ,0.0
AGIA,0.0
AGIB,0.0
AGIC,0.0
AGID,0.0
AGIE,0.0
AGIF,0.0
AGIG,0.0
AGIH,0.0
AGII,0.0
AGIJ,0.0
AGJA,0.0
AGJB,0.0
AGJC,0.0
AGJD,0.0
AGJE,0.0
AGJF,0.0
AGJG,0.0
AGJH,0.0
AGJI,0.0
AGJJ,0.0
AHAA,0.0
AHAB,0.0
AHAC,0.0
AHAD,0.0
AHAE,0.0
AHAF,0.0
AHAG,0.0
AHAH,0.0
AHAI,0.0
AHAJ,0.0
AHBA,0.0
AHBB,0.0
AHBC,0.0
AHBD,0.0
AHBE,0.0
AHBF,0.0
AHBG,0.0
AHBH,0.0
AHBI,0.0
AHBJ,0.0
AHCA,0.0
AHCB,0.0
AHCC,0.0
AHCD,0.0
AHCE,0.0
AHCF,0.0
AHCG,0.0
AHCH,0.0
AHCI,0.0
AHCJ,0.0
AHDA,0.0
AHDB,0.0
AHDC,0.0
AHDD,0.0
AHDE,0.0
AHDF,0.0
AHDG,0.0
AHDH,0.0
AHDI,0.0
AHDJ,0.0
AHEA,0.0
AHEB,0.0
AHEC,0.0
AHED,0.0
AHEE,0.0
AHEF,0.0
AHEG,0.0
AHEH,0.0
AHEI,0.0
AHEJ,0.0
AHFA,0.0
AHFB,0.0
AHFC,0.0
AHFD,0.0
AHFE,0.0
AHFF,0.0
AHFG,0.0
AHFH,0.0
AHFI,0.0
AHFJ,0.0
AHGA,0.0
AHGB,0.0
AHGC,0.0
AHGD,0.0
AHGE,0.0
AHGF,0.0
AHGG,0.0
AHGH,0.0
AHGI,0.0
AHGJ,0.0
AHHA,0.0
AHHB,0.0
AHHC,0.0
AHHD,0.0
AHHE,0.0
AHHF,0.0
AHHG,0.0
AHHH,0.0
AHHI,0.0
AHHJ,0.0
AHIA,0.0
AHIB,0.0
AHIC,0.0
AHID,0.0
AHIE,0.0
AHIF,0.0
AHIG,0.0
AHIH,0.0
AHII,0.0
AHIJ,0.0
AHJA,0.0
AHJB,0.0
AHJC,0.0
AHJD,0.0
AHJE,0.0
AHJF,0.0
AHJG,0.0
AHJH,0.0
AHJI,0.0
AHJJ,0.0
AIAA,0.0
AIAB,0.0
AIAC,0.0
AIAD,0.0
AIAE,0.0
AIAF,0.0
AIAG,0.0
AIAH,0.0
AIAI,0.0
AIAJ,0.0
AIBA,0.0
AIBB,0.0
AIBC,0.0
AIBD,0.0
AIBE,0.0
AIBF,0.0
AIBG,0.0
AIBH,0.0
AIBI,0.0
AIBJ,0.0
AICA,0.0
AICB,0.0
AICC,0.0
AICD,0.0
AICE,0.0
AICF,0.0
AICG,0.0
AICH,0.0
AICI,0.0
AICJ,0.0
AIDA,0.0
AIDB,0.0
AIDC,0.0
AIDD,0.0
AIDE,0.0
AIDF,0.0
AIDG,0.0
AIDH,0.0
AIDI,0.0
AIDJ,0.0
AIEA,0.0
AIEB,0.0
AIEC,0.0
AIED,0.0
AIEE,0.0
AIEF,0.0
AIEG,0.0
AIEH,0.0
AIEI,0.0
AIEJ,0.0
AIFA,0.0
AIFB,0.0
AIFC,0.0
AIFD,0.0
AIFE,0.0
AIFF,0.0
AIFG,0.0
AIFH,0.0
AIFI,0.0
AIFJ,0.0
AIGA,0.0
AIGB,0.0
AIGC,0.0
AIGD,0.0
AIGE,0.0
AIGF,0.0
AIGG,0.0
AIGH,0.0
AIGI,0.0
AIGJ,0.0
AIHA,0.0
AIHB,0.0
AIHC,0.0
AIHD,0.0
AIHE,0.0
AIHF,0.0
AIHG,0.0
AIHH,0.0
AIHI,0.0
AIHJ,0.0
AIIA,0.0
AIIB,0.0
AIIC,0.0
AIID,0.0
AIIE,0.0
AIIF,0.0
AIIG,0.0
AIIH,0.0
AIII,0.0
AIIJ,0.0
AIJA,0.0
AIJB,0.0
AIJC,0.0
AIJD,0.0
AIJE,0.0
AIJF,0.0
AIJG,0.0
AIJH,0.0
AIJI,0.0
AIJJ,0.0
AJAA,0.0
AJAB,0.0
AJAC,0.0
AJAD,0.0
AJAE,0.0
AJAF,0.0
AJAG,0.0
AJAH,0.0
AJAI,0.0
AJAJ,0.0
AJBA,0.0
AJBB,0.0
AJBC,0.0
AJBD,0.0
AJBE,0.0
AJBF,0.0
AJBG,0.0
AJBH,0.0
AJBI,0.0
AJBJ,0.0
AJCA,0.0
AJCB,0.0
AJCC,0.0
AJCD,0.0
AJCE,0.0
AJCF,0.0
AJCG,0.0
AJCH,0.0
AJCI,0.0
AJCJ,0.0
AJDA,0.0
AJDB,0.0
AJDC,0.0
AJDD,0.0
AJDE,0.0
AJDF,0.0
AJDG,0.0
AJDH,0.0
AJDI,0.0
AJDJ,0.0
AJEA,0.0
AJEB,0.0
AJEC,0.0
AJED,0.0
AJEE,0.0
AJEF,0.0
AJEG,0.0
AJEH,0.0
AJEI,0.0
AJEJ,0.0
AJFA,0.0
AJFB,0.0
AJFC,0.0
AJFD,0.0
AJFE,0.0
AJFF,0.0
AJFG,0.0
AJFH,0.0
AJFI,0.0
AJFJ,0.0
AJGA,0.0
AJGB,0.0
AJGC,0.0
AJGD,0.0
AJGE,0.0
AJGF,0.0
AJGG,0.0
AJGH,0.0
AJGI,0.0
AJGJ,0.0
AJHA,0.0
AJHB,0.0
AJHC,0.0
AJHD,0.0
AJHE,0.0
AJHF,0.0
AJHG,0.0
AJHH,0.0
AJHI,0.0
AJHJ,0.0
AJIA,0.0
AJIB,0.0
AJIC,0.0
AJID,0.0
AJIE,0.0
AJIF,0.0
AJIG,0.0
AJIH,0.0
AJII,0.0
AJIJ,0.0
AJJA,0.0
AJJB,0.0
AJJC,0.0
AJJD,0.0
AJJE,0.0
AJJF,0.0
AJJG,0.0
AJJH,0.0
AJJI,0.0
AJJJ,0.0
BAAA,0.0
BAAB,0.0
BAAC,0.0
BAAD,0.0
BAAE,0.0
BAAF,0.0
BAAG,0.0
BAAH,0.0
BAAI,0.0
BAAJ,0.0
BABA,0.0
BABB,0.0
BABC,0.0
BABD,0.0
BABE,0.0
BABF,0.0
BABG,0.0
BABH,0.0
BABI,0.0
BABJ,0.0
BACA,0.0
BACB,0.0
BACC,0.0
BACD,0.0
BACE,0.0
BACF,0.0
BACG,0.0
BACH,0.0
BACI,0.0
BACJ,0.0
BADA,0.0
BADB,0.0
BADC,0.0
BADD,0.0
BADE,0.0
BADF,0.0
BADG,0.0
BADH,0.0
BADI,0.0
BADJ,0.0
BAEA,0.0
BAEB,0.0
BAEC,0.0
BAED,0.0
BAEE,0.0
BAEF,0.0
BAEG,0.0
BAEH,0.0
BAEI,0.0
BAEJ,0.0
BAFA,0.0
BAFB,0.0
BAFC,0.0
BAFD,0.0
BAFE,0.0
BAFF,0.0
BAFG,0.0
BAFH,0.0
BAFI,0.0
BAFJ,0.0
BAGA,0.0
BAGB,0.0
BAGC,0.0
BAGD,0.0
BAGE,0.0
BAGF,0.0
BAGG,0.0
BAGH,0.0
BAGI,0.0
BAGJ,0.0
BAHA,0.0
BAHB,0.0
BAHC,0.0
BAHD,0.0
BAHE,0.0
BAHF,0.0
BAHG,0.0
BAHH,0.0
BAHI,0.0
BAHJ,0.0
BAIA,0.0
BAIB,0.0
BAIC,0.0
BAID,0.0
BAIE,0.0
BAIF,0.0
BAIG,0.0
BAIH,0.0
BAII,0.0
BAIJ,0.0
BAJA,0.0
BAJB,0.0
BAJC,0.0
BAJD,0.0
BAJE,0.0
BAJF,0.0
BAJG,0.0
BAJH,0.0
BAJI,0.0
BAJJ,0.0
BBAA,0.0
BBAB,0.0
BBAC,0.0
BBAD,0.0
BBAE,0.0
BBAF,0.0
BBAG,0.0
BBAH,0.0
BBAI,0.0
BBAJ,0.0
BBBA,0.0
BBBB,0.0
BBBC,0.0
BBBD,0.0
BBBE,0.0
BBBF,0.0
BBBG,0.0
BBBH,0.0
BBBI,0.0
BBBJ,0.0
BBCA,0.0
BBCB,0.0
BBCC,0.0
BBCD,0.0
BBCE,0.0
BBCF,0.0
BBCG,0.0
BBCH,0.0
BBCI,0.0
BBCJ,0.0
BBDA,0.0
BBDB,0.0
BBDC,0.0
BBDD,0.0
BBDE,0.0
BBDF,0.0
BBDG,0.0
BBDH,0.0
BBDI,0.0
BBDJ,0.0
BBEA,0.0
BBEB,0.0
BBEC,0.0
BBED,0.0
BBEE,0.0
BBEF,0.0
BBEG,0.0
BBEH,0.0
BBEI,0.0
BBEJ,0.0
BBFA,0.0
BBFB,0.0
BBFC,0.0
BBFD,0.0
BBFE,0.0
BBFF,0.0
BBFG,0.0
BBFH,0.0
BBFI,0.0
BBFJ,0.0
BBGA,0.0
BBGB,0.0
BBGC,0.0
BBGD,0.0
BBGE,0.0
BBGF,0.0
BBGG,0.0
BBGH,0.0
BBGI,0.0
BBGJ,0.0
BBHA,0.0
BBHB,0.0
BBHC,0.0
BBHD,0.0
BBHE,0.0
BBHF,0.0
BBHG,0.0
BBHH,0.0
BBHI,0.0
BBHJ,0.0
BBIA,0.0
BBIB,0.0
BBIC,0.0
BBID,0.0
BBIE,0.0
BBIF,0.0
BBIG,0.0
BBIH,0.0
BBII,0.0
BBIJ,0.0
BBJA,0.0
BBJB,0.0
BBJC,0.0
BBJD,0.0
BBJE,0.0
BBJF,0.0
BBJG,0.0
BBJH,0.0
BBJI,0.0
BBJJ,0.0
BCAA,0.0
BCAB,0.0
BCAC,0.0
BCAD,0.0
BCAE,0.0
BCAF,0.0
BCAG,0.0
BCAH,0.0
BCAI,0.0
BCAJ,0.0
BCBA,0.0
BCBB,0.0
BCBC,0.0
BCBD,0.0
BCBE,0.0
BCBF,0.0
BCBG,0.0
BCBH,0.0
BCBI,0.0
BCBJ,0.0
BCCA,0.0
BCCB,0.0
BCCC,0.0
BCCD,0.0
BCCE,0.0
BCCF,0.0
BCCG,0.0
BCCH,0.0
BCCI,0.0
BCCJ,0.0
BCDA,0.0
BCDB,0.0
BCDC,0.0
BCDD,0.0
BCDE,0.0
BCDF,0.0
BCDG,0.0
BCDH,0.0
BCDI,0.0
BCDJ,0.0
BCEA,0.0
BCEB,0.0
BCEC,0.0
BCED,0.0
BCEE,0.0
BCEF,0.0
BCEG,0.0
BCEH,0.0
BCEI,0.0
BCEJ,0.0
BCFA,0.0
BCFB,0.0
BCFC,0.0
BCFD,0.0
BCFE,0.0
BCFF,0.0
BCFG,0.0
BCFH,0.0
BCFI,0.0
BCFJ,0.0
BCGA,0.0
BCGB,0.0
BCGC,0.0
BCGD,0.0
BCGE,0.0
BCGF,0.0
BCGG,0.0
BCGH,0.0
BCGI,0.0
BCGJ,0.0
BCHA,0.0
BCHB,0.0
BCHC,0.0
BCHD,0.0
BCHE,0.0
BCHF,0.0
BCHG,0.0
BCHH,0.0
BCHI,0.0
BCHJ,0.0
BCIA,0.0
BCIB,0.0
BCIC,0.0
BCID,0.0
BCIE,0.0
BCIF,0.0
BCIG,0.0
BCIH,0.0
BCII,0.0
BCIJ,0.0
BCJA,0.0
BCJB,0.0
BCJC,0.0
BCJD,0.0
BCJE,0.0
BCJF,0.0
BCJG,0.0
BCJH,0.0
BCJI,0.0
BCJJ,0.0
BDAA,0.0
BDAB,0.0
BDAC,0.0
BDAD,0.0
BDAE,0.0
BDAF,0.0
BDAG,0.0
BDAH,0.0
BDAI,0.0
BDAJ,0.0
BDBA,0.0
BDBB,0.0
BDBC,0.0
BDBD,0.0
BDBE,0.0
BDBF,0.0
BDBG,0.0
BDBH,0.0
BDBI,0.0
BDBJ,0.0
BDCA,0.0
BDCB,0.0
BDCC,0.0
BDCD,0.0
BDCE,0.0
BDCF,0.0
BDCG,0.0
BDCH,0.0
BDCI,0.0
BDCJ,0.0
BDDA,0.0
BDDB,0.0
BDDC,0.0
BDDD,0.0
BDDE,0.0
BDDF,0.0
BDDG,0.0
BDDH,0.0
BDDI,0.0
BDDJ,0.0
BDEA,0.0
BDEB,0.0
BDEC,0.0
BDED,0.0
BDEE,0.0
BDEF,0.0
BDEG,0.0
BDEH,0.0
BDEI,0.0
BDEJ,0.0
BDFA,0.0
BDFB,0.0
BDFC,0.0
BDFD,0.0
BDFE,0.0
BDFF,0.0
BDFG,0.0
BDFH,0.0
BDFI,0.0
BDFJ,0.0
BDGA,0.0
BDGB,0.0
BDGC,0.0
BDGD,0.0
BDGE,0.0
BDGF,0.0
BDGG,0.0
BDGH,0.0
BDGI,0.0
BDGJ,0.0
BDHA,0.0
BDHB,0.0
BDHC,0.0
BDHD,0.0
BDHE,0.0
BDHF,0.0
BDHG,0.0
BDHH,0.0
BDHI,0.0
BDHJ,0.0
BDIA,0.0
BDIB,0.0
BDIC,0.0
BDID,0.0
BDIE,0.0
BDIF,0.0
BDIG,0.0
BDIH,0.0
BDII,0.0
BDIJ,0.0
BDJA,0.0
BDJB,0.0
BDJC,0.0
BDJD,0.0
BDJE,0.0
BDJF,0.0
BDJG,0.0
BDJH,0.0
BDJI,0.0
BDJJ,0.0
BEAA,0.0
BEAB,0.0
BEAC,0.0
BEAD,0.0
BEAE,0.0
BEAF,0.0
BEAG,0.0
BEAH,0.0
BEAI,0.0
BEAJ,0.0
BEBA,0.0
BEBB,0.0
BEBC,0.0
BEBD,0.0
BEBE,0.0
BEBF,0.0
BEBG,0.0
BEBH,0.0
BEBI,0.0
BEBJ,0.0
BECA,0.0
BECB,0.0
BECC,0.0
BECD,0.0
BECE,0.0
BECF,0.0
BECG,0.0
BECH,0.0
BECI,0.0
BECJ,0.0
BEDA,0.0
BEDB,0.0
BEDC,0.0
BEDD,0.0
BEDE,0.0
BEDF,0.0
BEDG,0.0
BEDH,0.0
BEDI,0.0
BEDJ,0.0
BEEA,0.0
BEEB,0.0
BEEC,0.0
BEED,0.0
BEEE,0.0
BEEF,0.0
BEEG,0.0
BEEH,0.0
BEEI,0.0
BEEJ,0.0
BEFA,0.0
BEFB,0.0
BEFC,0.0
BEFD,0.0
BEFE,0.0
BEFF,0.0
BEFG,0.0
BEFH,0.0
BEFI,0.0
BEFJ,0.0
BEGA,0.0
BEGB,0.0
BEGC,0.0
BEGD,0.0
BEGE,0.0
BEGF,0.0
BEGG,0.0
BEGH,0.0
BEGI,0.0
BEGJ,0.0
BEHA,0.0
BEHB,0.0
BEHC,0.0
BEHD,0.0
BEHE,0.0
BEHF,0.0
BEHG,0.0
BEHH,0.0
BEHI,0.0
BEHJ,0.0
BEIA,0.0
BEIB,0.0
BEIC,0.0
BEID,0.0
BEIE,0.0
BEIF,0.0
BEIG,0.0
BEIH,0.0
BEII,0.0
BEIJ,0.0
BEJA,0.0
BEJB,0.0
BEJC,0.0
BEJD,0.0
BEJE,0.0
BEJF,0.0
BEJG,0.0
BEJH,0.0
BEJI,0.0
BEJJ,0.0
BFAA,0.0
BFAB,0.0
BFAC,0.0
BFAD,0.0
BFAE,0.0
BFAF,0.0
BFAG,0.0
BFAH,0.0
BFAI,0.0
BFAJ,0.0
BFBA,0.0
BFBB,0.0
BFBC,0.0
BFBD,0.0
BFBE,0.0
BFBF,0.0
BFBG,0.0
BFBH,0.0
BFBI,0.0
BFBJ,0.0
BFCA,0.0
BFCB,0.0
BFCC,0.0
BFCD,0.0
BFCE,0.0
BFCF,0.0
BFCG,0.0
BFCH,0.0
BFCI,0.0
BFCJ,0.0
BFDA,0.0
BFDB,0.0
BFDC,0.0
BFDD,0.0
BFDE,0.0
BFDF,0.0
BFDG,0.0
BFDH,0.0
BFDI,0.0
BFDJ,0.0
BFEA,0.0
BFEB,0.0
BFEC,0.0
BFED,0.0
BFEE,0.0
BFEF,0.0
BFEG,0.0
BFEH,0.0
BFEI,0.0
BFEJ,0.0
BFFA,0.0
BFFB,0.0
BFFC,0.0
BFFD,0.0
BFFE,0.0
BFFF,0.0
BFFG,0.0
BFFH,0.0
BFFI,0.0
BFFJ,0.0
BFGA,0.0
BFGB,0.0
BFGC,0.0
BFGD,0.0
BFGE,0.0
BFGF,0.0
BFGG,0.0
BFGH,0.0
BFGI,0.0
BFGJ,0.0
BFHA,0.0
BFHB,0.0
BFHC,0.0
BFHD,0.0
BFHE,0.0
BFHF,0.0
BFHG,0.0
BFHH,0.0
BFHI,0.0
BFHJ,0.0
BFIA,0.0
BFIB,0.0
BFIC,0.0
BFID,0.0
BFIE,0.0
BFIF,0.0
BFIG,0.0
BFIH,0.0
BFII,0.0
BFIJ,0.0
BFJA,0.0
BFJB,0.0
BFJC,0.0
BFJD,0.0
BFJE,0.0
BFJF,0.0
BFJG,0.0
BFJH,0.0
BFJI,0.0
BFJJ,0.0
BGAA,0.0
BGAB,0.0
BGAC,0.0
BGAD,0.0
BGAE,0.0
BGAF,0.0
BGAG,0.0
BGAH,0.0
BGAI,0.0
BGAJ,0.0
BGBA,0.0
BGBB,0.0
BGBC,0.0
BGBD,0.0
BGBE,0.0
BGBF,0.0
BGBG,0.0
BGBH,0.0
BGBI,0.0
BGBJ,0.0
BGCA,0.0
BGCB,0.0
BGCC,0.0
BGCD,0.0
BGCE,0.0
BGCF,0.0
BGCG,0.0
BGCH,0.0
BGCI,0.0
BGCJ,0.0
BGDA,0.0
BGDB,0.0
BGDC,0.0
BGDD,0.0
BGDE,0.0
BGDF,0.0
BGDG,0.0
BGDH,0.0
BGDI,0.0
BGDJ,0.0
BGEA,0.0
BGEB,0.0
BGEC,0.0
BGED,0.0
BGEE,0.0
BGEF,0.0
BGEG,0.0
BGEH,0.0
BGEI,0.0
BGEJ,0.0
BGFA,0.0
BGFB,0.0
BGFC,0.0
BGFD,0.0
BGFE,0.0
BGFF,0.0
BGFG,0.0
BGFH,0.0
BGFI,0.0
BGFJ,0.0
BGGA,0.0
BGGB,0.0
BGGC,0.0
BGGD,0.0
BGGE,0.0
BGGF,0.0
BGGG,0.0
BGGH,0.0
BGGI,0.0
BGGJ,0.0
BGHA,0.0
BGHB,0.0
BGHC,0.0
BGHD,0.0
BGHE,0.0
BGHF,0.0
BGHG,0.0
BGHH,0.0
BGHI,0.0
BGHJ,0.0
BGIA,0.0
BGIB,0.0
BGIC,0.0
BGID,0.0
BGIE,0.0
BGIF,0.0
BGIG,0.0
BGIH,0.0
BGII,0.0
BGIJ,0.0
BGJA,0.0
BGJB,0.0
BGJC,0.0
BGJD,0.0
BGJE,0.0
BGJF,0.0
BGJG,0.0
BGJH,0.0
BGJI,0.0
BGJJ,0.0
BHAA,0.0
BHAB,0.0
BHAC,0.0
BHAD,0.0
BHAE,0.0
BHAF,0.0
BHAG,0.0
BHAH,0.0
BHAI,0.0
BHAJ,0.0
BHBA,0.0
BHBB,0.0
BHBC,0.0
BHBD,0.0
BHBE,0.0
BHBF,0.0
BHBG,0.0
BHBH,0.0
BHBI,0.0
BHBJ,0.0
BHCA,0.0
BHCB,0.0
BHCC,0.0
BHCD,0.0
BHCE,0.0
BHCF,0.0
BHCG,0.0
BHCH,0.0
BHCI,0.0
BHCJ,0.0
BHDA,0.0
BHDB,0.0
BHDC,0.0
BHDD,0.0
BHDE,0.0
BHDF,0.0
BHDG,0.0
BHDH,0.0
BHDI,0.0
BHDJ,0.0
BHEA,0.0
BHEB,0.0
BHEC,0.0
BHED,0.0
BHEE,0.0
BHEF,0.0
BHEG,0.0
BHEH,0.0
BHEI,0.0
BHEJ,0.0
BHFA,0.0
BHFB,0.0
BHFC,0.0
BHFD,0.0
BHFE,0.0
BHFF,0.0
BHFG,0.0
BHFH,0.0
BHFI,0.0
BHFJ,0.0
BHGA,0.0
BHGB,0.0
BHGC,0.0
BHGD,0.0
BHGE,0.0
BHGF,0.0
BHGG,0.0
BHGH,0.0
BHGI,0.0
BHGJ,0.0
BHHA,0.0
BHHB,0.0
BHHC,0.0
BHHD,0.0
BHHE,0.0
BHHF,0.0
BHHG,0.0
BHHH,0.0
BHHI,0.0
BHHJ,0.0
BHIA,0.0
BHIB,0.0
BHIC,0.0
BHID,0.0
BHIE,0.0
BHIF,0.0
BHIG,0.0
BHIH,0.0
BHII,0.0
BHIJ,0.0
BHJA,0.0
BHJB,0.0
BHJC,0.0
BHJD,0.0
BHJE,0.0
BHJF,0.0
BHJG,0.0
BHJH,0.0
BHJI,0.0
BHJJ,0.0
BIAA,0.0
BIAB,0.0
BIAC,0.0
BIAD,0.0
BIAE,0.0
BIAF,0.0
BIAG,0.0
BIAH,0.0
BIAI,0.0
BIAJ,0.0
BIBA,0.0
BIBB,0.0
BIBC,0.0
BIBD,0.0
BIBE,0.0
BIBF,0.0
BIBG,0.0
BIBH,0.0
BIBI,0.0
BIBJ,0.0
BICA,0.0
BICB,0.0
BICC,0.0
BICD,0.0
BICE,0.0
BICF,0.0
BICG,0.0
BICH,0.0
BICI,0.0
BICJ,0.0
BIDA,0.0
BIDB,0.0
BIDC,0.0
BIDD,0.0
BIDE,0.0
BIDF,0.0
BIDG,0.0
BIDH,0.0
BIDI,0.0
BIDJ,0.0
BIEA,0.0
BIEB,0.0
BIEC,0.0
BIED,0.0
BIEE,0.0
BIEF,0.0
BIEG,0.0
BIEH,0.0
BIEI,0.0
BIEJ,0.0
BIFA,0.0
BIFB,0.0
BIFC,0.0
BIFD,0.0
BIFE,0.0
BIFF,0.0
BIFG,0.0
BIFH,0.0
BIFI,0.0
BIFJ,0.0
BIGA,0.0
BIGB,0.0
BIGC,0.0
BIGD,0.0
BIGE,0.0
BIGF,0.0
BIGG,0.0
BIGH,0.0
BIGI,0.0
BIGJ,0.0
BIHA,0.0
BIHB,0.0
BIHC,0.0
BIHD,0.0
BIHE,0.0
BIHF,0.0
BIHG,0.0
BIHH,0.0
BIHI,0.0
BIHJ,0.0
BIIA,0.0
BIIB,0.0
BIIC,0.0
BIID,0.0
BIIE,0.0
BIIF,0.0
BIIG,0.0
BIIH,0.0
BIII,0.0
BIIJ,0.0
BIJA,0.0
BIJB,0.0
BIJC,0.0
BIJD,0.0
BIJE,0.0
BIJF,0.0
BIJG,0.0
BIJH,0.0
BIJI,0.0
BIJJ,0.0
BJAA,0.0
BJAB,0.0
BJAC,0.0
BJAD,0.0
BJAE,0.0
BJAF,0.0
BJAG,0.0
BJAH,0.0
BJAI,0.0
BJAJ,0.0
BJBA,0.0
BJBB,0.0
BJBC,0.0
BJBD,0.0
BJBE,0.0
BJBF,0.0
BJBG,0.0
BJBH,0.0
BJBI,0.0
BJBJ,0.0
BJCA,0.0
BJCB,0.0
BJCC,0.0
BJCD,0.0
BJCE,0.0
BJCF,0.0
BJCG,0.0
BJCH,0.0
BJCI,0.0
BJCJ,0.0
BJDA,0.0
BJDB,0.0
BJDC,0.0
BJDD,0.0
BJDE,0.0
BJDF,0.0
BJDG,0.0
BJDH,0.0
BJDI,0.0
BJDJ,0.0
BJEA,0.0
BJEB,0.0
BJEC,0.0
BJED,0.0
BJEE,0.0
BJEF,0.0
BJEG,0.0
BJEH,0.0
BJEI,0.0
BJEJ,0.0
BJFA,0.0
BJFB,0.0
BJFC,0.0
BJFD,0.0
BJFE,0.0
BJFF,0.0
BJFG,0.0
BJFH,0.0
BJFI,0.0
BJFJ,0.0
BJGA,0.0
BJGB,0.0
BJGC,0.0
BJGD,0.0
BJGE,0.0
BJGF,0.0
BJGG,0.0
BJGH,0.0
BJGI,0.0
BJGJ,0.0
BJHA,0.0
BJHB,0.0
BJHC,0.0
BJHD,0.0
BJHE,0.0
BJHF,0.0
BJHG,0.0
BJHH,0.0
BJHI,0.0
BJHJ,0.0
BJIA,0.0
BJIB,0.0
BJIC,0.0
BJID,0.0
BJIE,0.0
BJIF,0.0
BJIG,0.0
BJIH,0.0
BJII,0.0
BJIJ,0.0
BJJA,0.0
BJJB,0.0
BJJC,0.0
BJJD,0.0
BJJE,0.0
BJJF,0.0
BJJG,0.0
BJJH,0.0
BJJI,0.0
BJJJ,0.0
CAAA,0.0
CAAB,0.0
CAAC,0.0
CAAD,0.0
CAAE,0.0
CAAF,0.0
CAAG,0.0
CAAH,0.0
CAAI,0.0
CAAJ,0.0
CABA,0.0
CABB,0.0
CABC,0.0
CABD,0.0
CABE,0.0
CABF,0.0
CABG,0.0
CABH,0.0
CABI,0.0
CABJ,0.0
CACA,0.0
CACB,0.0
CACC,0.0
CACD,0.0
CACE,0.0
CACF,0.0
CACG,0.0
CACH,0.0
CACI,0.0
CACJ,0.0
CADA,0.0
CADB,0.0
CADC,0.0
CADD,0.0
CADE,0.0
CADF,0.0
CADG,0.0
CADH,0.0
CADI,0.0
CADJ,0.0
CAEA,0.0
CAEB,0.0
CAEC,0.0
CAED,0.0
CAEE,0.0
CAEF,0.0
CAEG,0.0
CAEH,0.0
CAEI,0.0
CAEJ,0.0
CAFA,0.0
CAFB,0.0
CAFC,0.0
CAFD,0.0
CAFE,0.0
CAFF,0.0
CAFG,0.0
CAFH,0.0
CAFI,0.0
CAFJ,0.0
CAGA,0.0
CAGB,0.0
CAGC,0.0
CAGD,0.0
CAGE,0.0
CAGF,0.0
CAGG,0.0
CAGH,0.0
CAGI,0.0
CAGJ,0.0
CAHA,0.0
CAHB,0.0
CAHC,0.0
CAHD,0.0
CAHE,0.0
CAHF,0.0
CAHG,0.0
CAHH,0.0
CAHI,0.0
CAHJ,0.0
CAIA,0.0
CAIB,0.0
CAIC,0.0
CAID,0.0
CAIE,0.0
CAIF,0.0
CAIG,0.0
CAIH,0.0
CAII,0.0
CAIJ,0.0
CAJA,0.0
CAJB,0.0
CAJC,0.0
CAJD,0.0
CAJE,0.0
CAJF,0.0
CAJG,0.0
CAJH,0.0
CAJI,0.0
CAJJ,0.0
CBAA,0.0
CBAB,0.0
CBAC,0.0
CBAD,0.0
CBAE,0.0
CBAF,0.0
CBAG,0.0
CBAH,0.0
CBAI,0.0
CBAJ,0.0
CBBA,0.0
CBBB,0.0
CBBC,0.0
CBBD,0.0
CBBE,0.0
CBBF,0.0
CBBG,0.0
CBBH,0.0
CBBI,0.0
CBBJ,0.0
CBCA,0.0
CBCB,0.0
CBCC,0.0
CBCD,0.0
CBCE,0.0
CBCF,0.0
CBCG,0.0
CBCH,0.0
CBCI,0.0
CBCJ,0.0
CBDA,0.0
CBDB,0.0
CBDC,0.0
CBDD,0.0
CBDE,0.0
CBDF,0.0
CBDG,0.0
CBDH,0.0
CBDI,0.0
CBDJ,0.0
CBEA,0.0
CBEB,0.0
CBEC,0.0
CBED,0.0
CBEE,0.0
CBEF,0.0
CBEG,0.0
CBEH,0.0
CBEI,0.0
CBEJ,0.0
CBFA,0.0
CBFB,0.0
CBFC,0.0
CBFD,0.0
CBFE,0.0
CBFF,0.0
CBFG,0.0
CBFH,0.0
CBFI,0.0
CBFJ,0.0
CBGA,0.0
CBGB,0.0
CBGC,0.0
CBGD,0.0
CBGE,0.0
CBGF,0.0
CBGG,0.0
CBGH,0.0
CBGI,0.0
CBGJ,0.0
CBHA,0.0
CBHB,0.0
CBHC,0.0
CBHD,0.0
CBHE,0.0
CBHF,0.0
CBHG,0.0
CBHH,0.0
CBHI,0.0
CBHJ,0.0
CBIA,0.0
CBIB,0.0
CBIC,0.0
CBID,0.0
CBIE,0.0
CBIF,0.0
CBIG,0.0
CBIH,0.0
CBII,0.0
CBIJ,0.0
CBJA,0.0
CBJB,0.0
CBJC,0.0
CBJD,0.0
CBJE,0.0
CBJF,0.0
CBJG,0.0
CBJH,0.0
CBJI,0.0
CBJJ,0.0
CCAA,0.0
CCAB,0.0
CCAC,0.0
CCAD,0.0
CCAE,0.0
CCAF,0.0
CCAG,0.0
CCAH,0.0
CCAI,0.0
CCAJ,0.0
CCBA,0.0
CCBB,0.0
CCBC,0.0
CCBD,0.0
CCBE,0.0
CCBF,0.0
CCBG,0.0
CCBH,0.0
CCBI,0.0
CCBJ,0.0
CCCA,0.0
CCCB,0.0
CCCC,0.0
CCCD,0.0
CCCE,0.0
CCCF,0.0
CCCG,0.0
CCCH,0.0
CCCI,0.0
CCCJ,0.0
CCDA,0.0
CCDB,0.0
CCDC,0.0
CCDD,0.0
CCDE,0.0
CCDF,0.0
CCDG,0.0
CCDH,0.0
CCDI,0.0
CCDJ,0.0
CCEA,0.0
CCEB,0.0
CCEC,0.0
CCED,0.0
CCEE,0.0
CCEF,0.0
CCEG,0.0
CCEH,0.0
CCEI,0.0
CCEJ,0.0
CCFA,0.0
CCFB,0.0
CCFC,0.0
CCFD,0.0
CCFE,0.0
CCFF,0.0
CCFG,0.0
CCFH,0.0
CCFI,0.0
CCFJ,0.0
CCGA,0.0
CCGB,0.0
CCGC,0.0
CCGD,0.0
CCGE,0.0
CCGF,0.0
CCGG,0.0
CCGH,0.0
CCGI,0.0
CCGJ,0.0
CCHA,0.0
CCHB,0.0
CCHC,0.0
CCHD,0.0
CCHE,0.0
CCHF,0.0
CCHG,0.0
CCHH,0.0
CCHI,0.0
CCHJ,0.0
CCIA,0.0
CCIB,0.0
CCIC,0.0
CCID,0.0
CCIE,0.0
CCIF,0.0
CCIG,0.0
CCIH,0.0
CCII,0.0
CCIJ,0.0
CCJA,0.0
CCJB,0.0
CCJC,0.0
CCJD,0.0
CCJE,0.0
CCJF,0.0
CCJG,0.0
CCJH,0.0
CCJI,0.0
CCJJ,0.0
CDAA,0.0
CDAB,0.0
CDAC,0.0
CDAD,0.0
CDAE,0.0
CDAF,0.0
CDAG,0.0
CDAH,0.0
CDAI,0.0
CDAJ,0.0
CDBA,0.0
CDBB,0.0
CDBC,0.0
CDBD,0.0
CDBE,0.0
CDBF,0.0
CDBG,0.0
CDBH,0.0
CDBI,0.0
CDBJ,0.0
CDCA,0.0
CDCB,0.0
CDCC,0.0
CDCD,0.0
CDCE,0.0
CDCF,0.0
CDCG,0.0
CDCH,0.0
CDCI,0.0
CDCJ,0.0
CDDA,0.0
CDDB,0.0
CDDC,0.0
CDDD,0.0
CDDE,0.0
CDDF,0.0
CDDG,0.0
CDDH,0.0
CDDI,0.0
CDDJ,0.0
CDEA,0.0
CDEB,0.0
CDEC,0.0
CDED,0.0
CDEE,0.0
CDEF,0.0
CDEG,0.0
CDEH,0.0
CDEI,0.0
CDEJ,0.0
CDFA,0.0
CDFB,0.0
CDFC,0.0
CDFD,0.0
CDFE,0.0
CDFF,0.0
CDFG,0.0
CDFH,0.0
CDFI,0.0
CDFJ,0.0
CDGA,0.0
CDGB,0.0
CDGC,0.0
CDGD,0.0
CDGE,0.0
CDGF,0.0
CDGG,0.0
CDGH,0.0
CDGI,0.0
CDGJ,0.0
CDHA,0.0
CDHB,0.0
CDHC,0.0
CDHD,0.0
CDHE,0.0
CDHF,0.0
CDHG,0.0
CDHH,0.0
CDHI,0.0
CDHJ,0.0
CDIA,0.0
CDIB,0.0
CDIC,0.0
CDID,0.0
CDIE,0.0
CDIF,0.0
CDIG,0.0
CDIH,0.0
CDII,0.0
CDIJ,0.0
CDJA,0.0
CDJB,0.0
CDJC,0.0
CDJD,0.0
CDJE,0.0
CDJF,0.0
CDJG,0.0
CDJH,0.0
CDJI,0.0
CDJJ,0.0
CEAA,0.0
CEAB,0.0
CEAC,0.0
CEAD,0.0
CEAE,0.0
CEAF,0.0
CEAG,0.0
CEAH,0.0
CEAI,0.0
CEAJ,0.0
CEBA,0.0
CEBB,0.0
CEBC,0.0
CEBD,0.0
CEBE,0.0
CEBF,0.0
CEBG,0.0
CEBH,0.0
CEBI,0.0
CEBJ,0.0
CECA,0.0
CECB,0.0
CECC,0.0
CECD,0.0
CECE,0.0
CECF,0.0
CECG,0.0
CECH,0.0
CECI,0.0
CECJ,0.0
CEDA,0.0
CEDB,0.0
CEDC,0.0
CEDD,0.0
CEDE,0.0
CEDF,0.0
CEDG,0.0
CEDH,0.0
CEDI,0.0
CEDJ,0.0
CEEA,0.0
CEEB,0.0
CEEC,0.0
CEED,0.0
CEEE,0.0
CEEF,0.0
CEEG,0.0
CEEH,0.0
CEEI,0.0
CEEJ,0.0
CEFA,0.0
CEFB,0.0
CEFC,0.0
CEFD,0.0
CEFE,0.0
CEFF,0.0
CEFG,0.0
CEFH,0.0
CEFI,0.0
CEFJ,0.0
CEGA,0.0
CEGB,0.0
CEGC,0.0
CEGD,0.0
CEGE,0.0
CEGF,0.0
CEGG,0.0
CEGH,0.0
CEGI,0.0
CEGJ,0.0
CEHA,0.0
CEHB,0.0
CEHC,0.0
CEHD,0.0
CEHE,0.0
CEHF,0.0
CEHG,0.0
CEHH,0.0
CEHI,0.0
CEHJ,0.0
CEIA,0.0
CEIB,0.0
CEIC,0.0
CEID,0.0
CEIE,0.0
CEIF,0.0
CEIG,0.0
CEIH,0.0
CEII,0.0
CEIJ,0.0
CEJA,0.0
CEJB,0.0
CEJC,0.0
CEJD,0.0
CEJE,0.0
CEJF,0.0
CEJG,0.0
CEJH,0.0
CEJI,0.0
CEJJ,0.0
CFAA,0.0
CFAB,0.0
CFAC,0.0
CFAD,0.0
CFAE,0.0
CFAF,0.0
CFAG,0.0
CFAH,0.0
CFAI,0.0
CFAJ,0.0
CFBA,0.0
CFBB,0.0
CFBC,0.0
CFBD,0.0
CFBE,0.0
CFBF,0.0
CFBG,0.0
CFBH,0.0
CFBI,0.0
CFBJ,0.0
CFCA,0.0
CFCB,0.0
CFCC,0.0
CFCD,0.0
CFCE,0.0
CFCF,0.0
CFCG,0.0
CFCH,0.0
CFCI,0.0
CFCJ,0.0
CFDA,0.0
CFDB,0.0
CFDC,0.0
CFDD,0.0
CFDE,0.0
CFDF,0.0
CFDG,0.0
CFDH,0.0
CFDI,0.0
CFDJ,0.0
CFEA,0.0
CFEB,0.0
CFEC,0.0
CFED,0.0
CFEE,0.0
CFEF,0.0
CFEG,0.0
CFEH,0.0
CFEI,0.0
CFEJ,0.0
CFFA,0.0
CFFB,0.0
CFFC,0.0
CFFD,0.0
CFFE,0.0
CFFF,0.0
CFFG,0.0
CFFH,0.0
CFFI,0.0
CFFJ,0.0
CFGA,0.0
CFGB,0.0
CFGC,0.0
CFGD,0.0
CFGE,0.0
CFGF,0.0
CFGG,0.0
CFGH,0.0
CFGI,0.0
CFGJ,0.0
CFHA,0.0
CFHB,0.0
CFHC,0.0
CFHD,0.0
CFHE,0.0
CFHF,0.0
CFHG,0.0
CFHH,0.0
CFHI,0.0
CFHJ,0.0
CFIA,0.0
CFIB,0.0
CFIC,0.0
CFID,0.0
CFIE,0.0
CFIF,0.0
CFIG,0.0
CFIH,0.0
CFII,0.0
CFIJ,0.0
CFJA,0.0
CFJB,0.0
CFJC,0.0
CFJD,0.0
CFJE,0.0
CFJF,0.0
CFJG,0.0
CFJH,0.0
CFJI,0.0
CFJJ,0.0
CGAA,0.0
CGAB,0.0
CGAC,0.0
CGAD,0.0
CGAE,0.0
CGAF,0.0
CGAG,0.0
CGAH,0.0
CGAI,0.0
CGAJ,0.0
CGBA,0.0
CGBB,0.0
CGBC,0.0
CGBD,0.0
CGBE,0.0
CGBF,0.0
CGBG,0.0
CGBH,0.0
CGBI,0.0
CGBJ,0.0
CGCA,0.0
CGCB,0.0
CGCC,0.0
CGCD,0.0
CGCE,0.0
CGCF,0.0
CGCG,0.0
CGCH,0.0
CGCI,0.0
CGCJ,0.0
CGDA,0.0
CGDB,0.0
CGDC,0.0
CGDD,0.0
CGDE,0.0
CGDF,0.0
CGDG,0.0
CGDH,0.0
CGDI,0.0
CGDJ,0.0
CGEA,0.0
CGEB,0.0
CGEC,0.0
CGED,0.0
CGEE,0.0
CGEF,0.0
CGEG,0.0
CGEH,0.0
CGEI,0.0
CGEJ,0.0
CGFA,0.0
CGFB,0.0
CGFC,0.0
CGFD,0.0
CGFE,0.0
CGFF,0.0
CGFG,0.0
CGFH,0.0
CGFI,0.0
CGFJ,0.0
CGGA,0.0
CGGB,0.0
CGGC,0.0
CGGD,0.0
CGGE,0.0
CGGF,0.0
CGGG,0.0
CGGH,0.0
CGGI,0.0
CGGJ,0.0
CGHA,0.0
CGHB,0.0
CGHC,0.0
CGHD,0.0
CGHE,0.0
CGHF,0.0
CGHG,0.0
CGHH,0.0
CGHI,0.0
CGHJ,0.0
CGIA,0.0
CGIB,0.0
CGIC,0.0
CGID,0.0
CGIE,0.0
CGIF,0.0
CGIG,0.0
CGIH,0.0
CGII,0.0
CGIJ,0.0
CGJA,0.0
CGJB,0.0
CGJC,0.0
CGJD,0.0
CGJE,0.0
CGJF,0.0
CGJG,0.0
CGJH,0.0
CGJI,0.0
CGJJ,0.0
CHAA,0.0
CHAB,0.0
CHAC,0.0
CHAD,0.0
CHAE,0.0
CHAF,0.0
CHAG,0.0
CHAH,0.0
CHAI,0.0
CHAJ,0.0
CHBA,0.0
CHBB,0.0
CHBC,0.0
CHBD,0.0
CHBE,0.0
CHBF,0.0
CHBG,0.0
CHBH,0.0
CHBI,0.0
CHBJ,0.0
CHCA,0.0
CHCB,0.0
CHCC,0.0
CHCD,0.0
CHCE,0.0
CHCF,0.0
CHCG,0.0
CHCH,0.0
CHCI,0.0
CHCJ,0.0
CHDA,0.0
CHDB,0.0
CHDC,0.0
CHDD,0.0
CHDE,0.0
CHDF,0.0
CHDG,0.0
CHDH,0.0
CHDI,0.0
CHDJ,0.0
CHEA,0.0
CHEB,0.0
CHEC,0.0
CHED,0.0
CHEE,0.0
CHEF,0.0
CHEG,0.0
CHEH,0.0
CHEI,0.0
CHEJ,0.0
CHFA,0.0
CHFB,0.0
CHFC,0.0
CHFD,0.0
CHFE,0.0
CHFF,0.0
CHFG,0.0
CHFH,0.0
CHFI,0.0
CHFJ,0.0
CHGA,0.0
CHGB,0.0
CHGC,0.0
CHGD,0.0
CHGE,0.0
CHGF,0.0
CHGG,0.0
CHGH,0.0
CHGI,0.0
CHGJ,0.0
CHHA,0.0
CHHB,0.0
CHHC,0.0
CHHD,0.0
CHHE,0.0
CHHF,0.0
CHHG,0.0
CHHH,0.0
CHHI,0.0
CHHJ,0.0
CHIA,0.0
CHIB,0.0
CHIC,0.0
CHID,0.0
CHIE,0.0
CHIF,0.0
CHIG,0.0
CHIH,0.0
CHII,0.0
CHIJ,0.0
CHJA,0.0
CHJB,0.0
CHJC,0.0
CHJD,0.0
CHJE,0.0
CHJF,0.0
CHJG,0.0
CHJH,0.0
CHJI,0.0
CHJJ,0.0
CIAA,0.0
CIAB,0.0
CIAC,0.0
CIAD,0.0
CIAE,0.0
CIAF,0.0
CIAG,0.0
CIAH,0.0
CIAI,0.0
CIAJ,0.0
CIBA,0.0
CIBB,0.0
CIBC,0.0
CIBD,0.0
CIBE,0.0
CIBF,0.0
CIBG,0.0
CIBH,0.0
CIBI,0.0
CIBJ,0.0
CICA,0.0
CICB,0.0
CICC,0.0
CICD,0.0
CICE,0.0
CICF,0.0
CICG,0.0
CICH,0.0
CICI,0.0
CICJ,0.0
CIDA,0.0
CIDB,0.0
CIDC,0.0
CIDD,0.0
CIDE,0.0
CIDF,0.0
CIDG,0.0
CIDH,0.0
CIDI,0.0
CIDJ,0.0
CIEA,0.0
CIEB,0.0
CIEC,0.0
CIED,0.0
CIEE,0.0
CIEF,0.0
CIEG,0.0
CIEH,0.0
CIEI,0.0
CIEJ,0.0
CIFA,0.0
CIFB,0.0
CIFC,0.0
CIFD,0.0
CIFE,0.0
CIFF,0.0
CIFG,0.0
CIFH,0.0
CIFI,0.0
CIFJ,0.0
CIGA,0.0
CIGB,0.0
CIGC,0.0
CIGD,0.0
CIGE,0.0
CIGF,0.0
CIGG,0.0
CIGH,0.0
CIGI,0.0
CIGJ,0.0
CIHA,0.0
CIHB,0.0
CIHC,0.0
CIHD,0.0
CIHE,0.0
CIHF,0.0
CIHG,0.0
CIHH,0.0
CIHI,0.0
CIHJ,0.0
CIIA,0.0
CIIB,0.0
CIIC,0.0
CIID,0.0
CIIE,0.0
CIIF,0.0
CIIG,0.0
CIIH,0.0
CIII,0.0
CIIJ,0.0
CIJA,0.0
CIJB,0.0
CIJC,0.0
CIJD,0.0
CIJE,0.0
CIJF,0.0
CIJG,0.0
CIJH,0.0
CIJI,0.0
CIJJ,0.0
CJAA,0.0
CJAB,0.0
CJAC,0.0
CJAD,0.0
CJAE,0.0
CJAF,0.0
CJAG,0.0
CJAH,0.0
CJAI,0.0
CJAJ,0.0
CJBA,0.0
CJBB,0.0
CJBC,0.0
CJBD,0.0
CJBE,0.0
CJBF,0.0
CJBG,0.0
CJBH,0.0
CJBI,0.0
CJBJ,0.0
CJCA,0.0
CJCB,0.0
CJCC,0.0
CJCD,0.0
CJCE,0.0
CJCF,0.0
CJCG,0.0
CJCH,0.0
CJCI,0.0
CJCJ,0.0
CJDA,0.0
CJDB,0.0
CJDC,0.0
CJDD,0.0
CJDE,0.0
CJDF,0.0
CJDG,0.0
CJDH,0.0
CJDI,0.0
CJDJ,0.0
CJEA,0.0
CJEB,0.0
CJEC,0.0
CJED,0.0
CJEE,0.0
CJEF,0.0
CJEG,0.0
CJEH,0.0
CJEI,0.0
CJEJ,0.0
CJFA,0.0
CJFB,0.0
CJFC,0.0
CJFD,0.0
CJFE,0.0
CJFF,0.0
CJFG,0.0
CJFH,0.0
CJFI,0.0
CJFJ,0.0
CJGA,0.0
CJGB,0.0
CJGC,0.0
CJGD,0.0
CJGE,0.0
CJGF,0.0
CJGG,0.0
CJGH,0.0
CJGI,0.0
CJGJ,0.0
CJHA,0.0
CJHB,0.0
CJHC,0.0
CJHD,0.0
CJHE,0.0
CJHF,0.0
CJHG,0.0
CJHH,0.0
CJHI,0.0
CJHJ,0.0
CJIA,0.0
CJIB,0.0
CJIC,0.0
CJID,0.0
CJIE,0.0
CJIF,0.0
CJIG,0.0
CJIH,0.0
CJII,0.0
CJIJ,0.0
CJJA,0.0
CJJB,0.0
CJJC,0.0
CJJD,0.0
CJJE,0.0
CJJF,0.0
CJJG,0.0
CJJH,0.0
CJJI,0.0
CJJJ,0.0
DAAA,0.0
DAAB,0.0
DAAC,0.0
DAAD,0.0
DAAE,0.0
DAAF,0.0
DAAG,0.0
DAAH,0.0
DAAI,0.0
DAAJ,0.0
DABA,0.0
DABB,0.0
DABC,0.0
DABD,0.0
DABE,0.0
DABF,0.0
DABG,0.0
DABH,0.0
DABI,0.0
DABJ,0.0
DACA,0.0
DACB,0.0
DACC,0.0
DACD,0.0
DACE,0.0
DACF,0.0
DACG,0.0
DACH,0.0
DACI,0.0
DACJ,0.0
DADA,0.0
DADB,0.0
DADC,0.0
DADD,0.0
DADE,0.0
DADF,0.0
DADG,0.0
DADH,0.0
DADI,0.0
DADJ,0.0
DAEA,0.0
DAEB,0.0
DAEC,0.0
DAED,0.0
DAEE,0.0
DAEF,0.0
DAEG,0.0
DAEH,0.0
DAEI,0.0
DAEJ,0.0
DAFA,0.0
DAFB,0.0
DAFC,0.0
DAFD,0.0
DAFE,0.0
DAFF,0.0
DAFG,0.0
DAFH,0.0
DAFI,0.0
DAFJ,0.0
DAGA,0.0
DAGB,0.0
DAGC,0.0
DAGD,0.0
DAGE,0.0
DAGF,0.0
DAGG,0.0
DAGH,0.0
DAGI,0.0
DAGJ,0.0
DAHA,0.0
DAHB,0.0
DAHC,0.0
DAHD,0.0
DAHE,0.0
DAHF,0.0
DAHG,0.0
DAHH,0.0
DAHI,0.0
DAHJ,0.0
DAIA,0.0
DAIB,0.0
DAIC,0.0
DAID,0.0
DAIE,0.0
DAIF,0.0
DAIG,0.0
DAIH,0.0
DAII,0.0
DAIJ,0.0
DAJA,0.0
DAJB,0.0
DAJC,0.0
DAJD,0.0
DAJE,0.0
DAJF,0.0
DAJG,0.0
DAJH,0.0
DAJI,0.0
DAJJ,0.0
DBAA,0.0
DBAB,0.0
DBAC,0.0
DBAD,0.0
DBAE,0.0
DBAF,0.0
DBAG,0.0
DBAH,0.0
DBAI,0.0
DBAJ,0.0
DBBA,0.0
DBBB,0.0
DBBC,0.0
DBBD,0.0
DBBE,0.0
DBBF,0.0
DBBG,0.0
DBBH,0.0
DBBI,0.0
DBBJ,0.0
DBCA,0.0
DBCB,0.0
DBCC,0.0
DBCD,0.0
DBCE,0.0
DBCF,0.0
DBCG,0.0
DBCH,0.0
DBCI,0.0
DBCJ,0.0
DBDA,0.0
DBDB,0.0
DBDC,0.0
DBDD,0.0
DBDE,0.0
DBDF,0.0
DBDG,0.0
DBDH,0.0
DBDI,0.0
DBDJ,0.0
DBEA,0.0
DBEB,0.0
DBEC,0.0
DBED,0.0
DBEE,0.0
DBEF,0.0
DBEG,0.0
DBEH,0.0
DBEI,0.0
DBEJ,0.0
DBFA,0.0
DBFB,0.0
DBFC,0.0
DBFD,0.0
DBFE,0.0
DBFF,0.0
DBFG,0.0
DBFH,0.0
DBFI,0.0
DBFJ,0.0
DBGA,0.0
DBGB,0.0
DBGC,0.0
DBGD,0.0
DBGE,0.0
DBGF,0.0
DBGG,0.0
DBGH,0.0
DBGI,0.0
DBGJ,0.0
DBHA,0.0
DBHB,0.0
DBHC,0.0
DBHD,0.0
DBHE,0.0
DBHF,0.0
DBHG,0.0
DBHH,0.0
DBHI,0.0
DBHJ,0.0
DBIA,0.0
DBIB,0.0
DBIC,0.0
DBID,0.0
DBIE,0.0
DBIF,0.0
DBIG,0.0
DBIH,0.0
DBII,0.0
DBIJ,0.0
DBJA,0.0
DBJB,0.0
DBJC,0.0
DBJD,0.0
DBJE,0.0
DBJF,0.0
DBJG,0.0
DBJH,0.0
DBJI,0.0
DBJJ,0.0
DCAA,0.0
DCAB,0.0
DCAC,0.0
DCAD,0.0
DCAE,0.0
DCAF,0.0
DCAG,0.0
DCAH,0.0
DCAI,0.0
DCAJ,0.0
DCBA,0.0
DCBB,0.0
DCBC,0.0
DCBD,0.0
DCBE,0.0
DCBF,0.0
DCBG,0.0
DCBH,0.0
DCBI,0.0
DCBJ,0.0
DCCA,0.0
DCCB,0.0
DCCC,0.0
DCCD,0.0
DCCE,0.0
DCCF,0.0
DCCG,0.0
DCCH,0.0
DCCI,0.0
DCCJ,0.0
DCDA,0.0
DCDB,0.0
DCDC,0.0
DCDD,0.0
DCDE,0.0
DCDF,0.0
DCDG,0.0
DCDH,0.0
DCDI,0.0
DCDJ,0.0
DCEA,0.0
DCEB,0.0
DCEC,0.0
DCED,0.0
DCEE,0.0
DCEF,0.0
DCEG,0.0
DCEH,0.0
DCEI,0.0
DCEJ,0.0
DCFA,0.0
DCFB,0.0
DCFC,0.0
DCFD,0.0
DCFE,0.0
DCFF,0.0
DCFG,0.0
DCFH,0.0
DCFI,0.0
DCFJ,0.0
DCGA,0.0
DCGB,0.0
DCGC,0.0
DCGD,0.0
DCGE,0.0
DCGF,0.0
DCGG,0.0
DCGH,0.0
DCGI,0.0
DCGJ,0.0
DCHA,0.0
DCHB,0.0
DCHC,0.0
DCHD,0.0
DCHE,0.0
DCHF,0.0
DCHG,0.0
DCHH,0.0
DCHI,0.0
DCHJ,0.0
DCIA,0.0
DCIB,0.0
DCIC,0.0
DCID,0.0
DCIE,0.0
DCIF,0.0
DCIG,0.0
DCIH,0.0
DCII,0.0
DCIJ,0.0
DCJA,0.0
DCJB,0.0
DCJC,0.0
DCJD,0.0
DCJE,0.0
DCJF,0.0
DCJG,0.0
DCJH,0.0
DCJI,0.0
DCJJ,0.0
DDAA,0.0
DDAB,0.0
DDAC,0.0
DDAD,0.0
DDAE,0.0
DDAF,0.0
DDAG,0.0
DDAH,0.0
DDAI,0.0
DDAJ,0.0
DDBA,0.0
DDBB,0.0
DDBC,0.0
DDBD,0.0
DDBE,0.0
DDBF,0.0
DDBG,0.0
DDBH,0.0
DDBI,0.0
DDBJ,0.0
DDCA,0.0
DDCB,0.0
DDCC,0.0
DDCD,0.0
DDCE,0.0
DDCF,0.0
DDCG,0.0
DDCH,0.0
DDCI,0.0
DDCJ,0.0
DDDA,0.0
DDDB,0.0
DDDC,0.0
DDDD,0.0
DDDE,0.0
DDDF,0.0
DDDG,0.0
DDDH,0.0
DDDI,0.0
DDDJ,0.0
DDEA,0.0
DDEB,0.0
DDEC,0.0
DDED,0.0
DDEE,0.0
DDEF,0.0
DDEG,0.0
DDEH,0.0
DDEI,0.0
DDEJ,0.0
DDFA,0.0
DDFB,0.0
DDFC,0.0
DDFD,0.0
DDFE,0.0
DDFF,0.0
DDFG,0.0
DDFH,0.0
DDFI,0.0
DDFJ,0.0
DDGA,0.0
DDGB,0.0
DDGC,0.0
DDGD,0.0
DDGE,0.0
DDGF,0.0
DDGG,0.0
DDGH,0.0
DDGI,0.0
DDGJ,0.0
DDHA,0.0
DDHB,0.0
DDHC,0.0
DDHD,0.0
DDHE,0.0
DDHF,0.0
DDHG,0.0
DDHH,0.0
DDHI,0.0
DDHJ,0.0
DDIA,0.0
DDIB,0.0
DDIC,0.0
DDID,0.0
DDIE,0.0
DDIF,0.0
DDIG,0.0
DDIH,0.0
DDII,0.0
DDIJ,0.0
DDJA,0.0
DDJB,0.0
DDJC,0.0
DDJD,0.0
DDJE,0.0
DDJF,0.0
DDJG,0.0
DDJH,0.0
DDJI,0.0
DDJJ,0.0
DEAA,0.0
DEAB,0.0
DEAC,0.0
DEAD,0.0
DEAE,0.0
DEAF,0.0
DEAG,0.0
DEAH,0.0
DEAI,0.0
DEAJ,0.0
DEBA,0.0
DEBB,0.0
DEBC,0.0
DEBD,0.0
DEBE,0.0
DEBF,0.0
DEBG,0.0
DEBH,0.0
DEBI,0.0
DEBJ,0.0
DECA,0.0
DECB,0.0
DECC,0.0
DECD,0.0
DECE,0.0
DECF,0.0
DECG,0.0
DECH,0.0
DECI,0.0
DECJ,0.0
DEDA,0.0
DEDB,0.0
DEDC,0.0
DEDD,0.0
DEDE,0.0
DEDF,0.0
DEDG,0.0
DEDH,0.0
DEDI,0.0
DEDJ,0.0
DEEA,0.0
DEEB,0.0
DEEC,0.0
DEED,0.0
DEEE,0.0
DEEF,0.0
DEEG,0.0
DEEH,0.0
DEEI,0.0
DEEJ,0.0
DEFA,0.0
DEFB,0.0
DEFC,0.0
DEFD,0.0
DEFE,0.0
DEFF,0.0
DEFG,0.0
DEFH,0.0
DEFI,0.0
DEFJ,0.0
DEGA,0.0
DEGB,0.0
DEGC,0.0
DEGD,0.0
DEGE,0.0
DEGF,0.0
DEGG,0.0
DEGH,0.0
DEGI,0.0
DEGJ,0.0
DEHA,0.0
DEHB,0.0
DEHC,0.0
DEHD,0.0
DEHE,0.0
DEHF,0.0
DEHG,0.0
DEHH,0.0
DEHI,0.0
DEHJ,0.0
DEIA,0.0
DEIB,0.0
DEIC,0.0
DEID,0.0
DEIE,0.0
DEIF,0.0
DEIG,0.0
DEIH,0.0
DEII,0.0
DEIJ,0.0
DEJA,0.0
DEJB,0.0
DEJC,0.0
DEJD,0.0
DEJE,0.0
DEJF,0.0
DEJG,0.0
DEJH,0.0
DEJI,0.0
DEJJ,0.0
DFAA,0.0
DFAB,0.0
DFAC,0.0
DFAD,0.0
DFAE,0.0
DFAF,0.0
DFAG,0.0
DFAH,0.0
DFAI,0.0
DFAJ,0.0
DFBA,0.0
